link,item,content
https://shope.ee/3AiSjGQCgK,รกo thun nam,"๐ รo sฦก mi sแปc Boizclub Premium nam nแปฏ - Form rแปng, phong cรกch Hรn Quแปc, dรกng rแปng! Chแบฅt liแปu cao cแบฅp, thoแบฃi mรกi, phรน hแปฃp mแปi hoแบกt ฤแปng. ๐

๐ฅ ๐๐๐ฎ ๐ป๐ด๐ฎ๐ ๐ป๐ต๐ฎ๐ป๐ต ๐๐ฟ๐ฒ๐ป๐ฑ๐ ๐แบกi: https://shope.ee/3AiSjGQCgK ๐ฅ

๐ ฤแบณng cแบฅp vร phรณng khoรกng - Chแปn ngay ฤแป nแปi bแบญt! ๐"
https://shope.ee/g1HSdX1gf,sแปp nam ,"
๐ฅ๐ซ [HรNG LOแบI 1] Quแบงn Lรณt Nam Cao Cแบฅp - 148.000 VND! ๐ซ๐ฅ

๐ Mua ngay tแบกi: https://shope.ee/g1HSdX1gf

๐น Chแบฅt liแปu lฦฐแปi thun lแบกnh, thoรกng mรกt.
๐น Co giรฃn ฤรn hแปi, khรกng khuแบฉn.
๐น Bแป 4 quแบงn lรณt nam ฤแบณng cแบฅp.

๐ฐ Chแป 148.000 VND!

๐ ฤแบณng cแบฅp bแบฏt ฤแบงu tแปซ lแปฑa chแปn. Mua ngay ฤแป trแบฃi nghiแปm sแปฑ thoแบฃi mรกi vร phong cรกch! ๐"
https://shope.ee/99zpfYMA9R,Topper,"
๐โจ Topper TAKARA 7cm - Nรขng Cao Giแบฅc Ngแปง, Chแป โซ159.390! โจ๐

๐ MUA NGAY: https://shope.ee/99zpfYMA9R

๐น Chแบฅt Lฦฐแปฃng Cao Cแบฅp:
Bแบฃo vแป nแปm, khรดng lo xแบนp, giแปฏ ฤแป ฤรn hแปi.

๐น Tiแปn Nghi Cho Mแปi Phรฒng:
Phรฒng ngแปง, vฤn phรฒng, giฦฐแปng tแบงng ktx - ฤแปu thรญch hแปฃp.

๐น Dแป Lแบฏp ฤแบทt:
Nhแบน nhรng, ฤฦกn giแบฃn lแบฏp ฤแบทt lรชn mแปi loแบกi nแปm.

๐ก Chแป โซ159.390 - Trแบฃi Nghiแปm Ngแปง Hoรn Hแบฃo Ngay Hรดm Nay!

๐ ฤแบถT HรNG NGAY: https://shope.ee/99zpfYMA9R

Chฤm sรณc giแบฅc ngแปง cแปงa bแบกn vแปi Topper TAKARA 7cm - ฤแปซng bแป lแปก giแบฅc ngแปง chแบฅt lฦฐแปฃng vร thoแบฃi mรกi mแปi ฤรชm!

๐โจ Giแบฅc Ngแปง Hoรn Hแบฃo - MUA NGAY! โจ๐"
https://shope.ee/8f3ZCaw6a6,xแปญ lรฝ mรนi giรy,"๐ฟ Jemeesen 100ml - Giแบฃi phรกp khแปญ mรนi giรy vร chฤm sรณc chรขn hiแปu quแบฃ! Chแป 115.000ฤ.

๐ Mua ngay tแบกi ฤรขy: https://shope.ee/8f3ZCaw6a6"
https://shope.ee/4AbA4V5kCS,shop giรy,"๐ SmartMen Official - Phong cรกch ฤแปnh cao cho phรกi mแบกnh! Khรกm phรก ngay bแป sฦฐu tแบญp:

๐๏ธ Mua sแบฏm tแบกi: https://shope.ee/4AbA4V5kCS - Chinh phแปฅc phong cรกch, chinh phแปฅc mแปi bฦฐแปc chรขn! ๐ฅโจ
๐ CรNG Sแป: Lแปch lรฃm vร sang trแปng.
๐ LฦฏแปI/MแปI: Thoแบฃi mรกi vร phong cรกch.
๐ THแป THAO: Nฤng ฤแปng vร trแบป trung.
๐ THIแบพT Kแบพ: ฤแปc ฤรกo vร sรกng tแบกo.

"
https://shope.ee/4AbA4p2Cbw,kem mแบฏt,"๐ Khรกm Phรก Bรญ Mแบญt Chแปng Lรฃo Hรณa vแปi AHC Age Defense Real Eye Cream For Face 40ml!
๐๏ธโ๐จ๏ธ Trแบฃi nghiแปm ngay tแบกi ฤรขy: https://shope.ee/4AbA4p2Cbw ๐
๐๏ธ Mua Ngay - AHC Age Defense Real Eye Cream For Face 40ml!
๐ Chแปng lรฃo hรณa toรn diแปn, lรn da trแบป trung mแปi ngรy!
๐ Hฦกn 12,3k lฦฐแปฃt bรกn, sแบฃn phแบฉm ฤฦฐแปฃc tin dรนng."
https://shope.ee/3L235aXAEX,giแบฅy ฤn gแบฅu trรบc,"๐ ฦฏu ฤรฃi Hแบฅp Dแบซn - Miแปn Phรญ Vแบญn Chuyแปn! ๐

๐ 1 Thรนng = 30 Gรณi Giแบฅy ฤn Gแบฅu Trรบc 3 Lแปp - Chuแบฉn Loแบกi 1!
๐ป ฤแบทt Ngay: https://shope.ee/3L235aXAEX

๐ Dai Mแปn & An Toรn: Trแบฃi nghiแปm chแบฅt lฦฐแปฃng hรng ฤแบงu vแปi giแบฅy ฤn gแบฅu trรบc 3 lแปp.

๐ Ship Miแปn Phรญ Toรn Quแปc!

๐ผ๐ฝ๏ธ Biแบฟn bแปฏa ฤn hรng ngรy thรnh trแบฃi nghiแปm ฤแบทc biแปt! ๐โจ

"
https://shope.ee/VhrifEgGU,kem dฦฐแปกng giแบฃm mแปฅn,"๐ Chแบฅm Dแปฉt Mแปฅn Ngay sau 8 Giแป! La Roche-Posay Effaclar Duo+ M 40ml
๐ Mua Ngay ฤแป Trแบฃi Nghiแปm Sแปฑ Khรกc Biแปt! https://shope.ee/VhrifEgGU ๐
๐ง Dฦฐแปกng แบจm & Kiแปm Soรกt Dแบงu, giรบp da mแปm mแบกi vร sแบกch sแบฝ.

 #LaRochePosay #ChฤmSรณcDa #Mแปฅn #Lรmฤแบนp"
https://shope.ee/6zvLSudzyF,Granola siรชu hแบกt ngลฉ cแปc,"๐ Sรกng Tแบกo Bแปฏa Sรกng - HแปP 500G Granola Siรชu Hแบกt Ngลฉ Cแปc!
๐๏ธ Chแป 69k - Mua Ngay tแบกi: https://shope.ee/6zvLSudzyF
๐ฏ Mix 8 Loแบกi Hแบกt: Sแปฑ kแบฟt hแปฃp hoรn hแบฃo giแปฏa dinh dฦฐแปกng vร vแป ngon.

๐ Dรnh Cho ฤn Kiรชng vร Giแบฃm Cรขn: Ngลฉ cแปc dinh dฦฐแปกng, giรบp duy trรฌ cรขn nแบทng lรฝ tฦฐแปng.

 #Granola #ฤnKiรชng #DinhDฦฐแปกng #SรกngTแบกoBแปฏaSรกng"
https://shope.ee/8KQj3YynwO,ฤแป chฦกi Tแบฟt 2024 Thank Long Board game,"๐ Chinh Phแปฅc Tแบฟt 2024 - ฤแป Chฦกi Thank Long Board Game Choidee!
๐ Mua Ngay tแบกi https://shope.ee/8KQj3YynwO
๐ฒ 11 Trรฒ Chฦกi Dรขn Gian: Trแบฃi nghiแปm vui nhแปn vร hแปฉng khแปi cรนng gia ฤรฌnh vร bแบกn bรจ.

๐งง Ngรy Tแบฟt ฤแบทc Biแปt: Chฦกi vร tแบญn hฦฐแปng khรดng khรญ แบฅm รกp cแปงa ngรy Tแบฟt.

#๐ #ThankLongBoardGame #Tแบฟt2024 #ChฦกiDรขnGian #NgรyTแบฟt






"
https://shope.ee/AUVDdkpdU0,Bแป quแบงn Lovito xแบฟp nแบฟp mรu trฦกn,"๐ Tinh Tแบฟ - Bแป Quแบงn Lovito Xแบฟp Nแบฟp Mรu Trฦกn Cho Ngรy Thฦฐแปng!
๐๏ธ Sแบฏm Tแบฟt ngay: https://shope.ee/AUVDdkpdU0

๐ Thiแบฟt Kแบฟ ฤแปc ฤรกo: Phong cรกch trแบป trung vร thanh lแปch, lรm nแปi bแบญt vแบป ฤแบนp cรก nhรขn cแปงa bแบกn.

๐ Mรu Sแบฏc Trฦกn Thฦฐแปng Ngรy: Mix and match dแป dรng, phรน hแปฃp vแปi mแปi dแปp.

#๐ #Lovito #ThแปiTrangNแปฏ #MixAndMatch #PhongCรกch






"
https://shope.ee/602oHeFvVw,bao lรฌ xรฌ,"๐ Phรบc Lแปc Thแป Xuรขn Giรกp Thรฌn - Bao Lรฌ Xรฌ ฤแบงu Rแปng รnh Nhลฉ 2024!
๐ฐ Chแป 8.5k - Mua Ngay Cho Nฤm Mแปi! https://shope.ee/602oHeFvVw

๐งง 6 Ngฤn ฤแบทc Biแปt: Hแปฉng khแปi, ฤแบนp mแบฏt, ฤแปฑng ฤฦฐแปฃc nhiแปu may mแบฏn.

๐ Thiแบฟt Kแบฟ ฤแปc ฤรกo: ฤแบงu rแปng รกnh nhลฉ, tแบกo แบฅn tฦฐแปฃng mแบกnh mแบฝ.

#๐ #BaoLรฌXรฌ #XuรขnGiรกpThรฌn #NฤmMแปi2024 #MayMแบฏnLแปcLรก





"
https://shope.ee/3fetVZoQPB,set vรกy dแบก,"๐ Sแบฏm Tแบฟt Quyแบฟn Rลฉ - Bแป 3 Mรณn Nhung Dแบก Kรจm Mรบt Ngแปฑc!
๐ฐ Chแป 185k - Mua ฤแป diแปn Tแบฟt thรดi https://shope.ee/3fetVZoQPB

๐ รo Quรขy Dแบก Kรจm Mรบt Ngแปฑc: Phแปi hแปฃp hoรn hแบฃo, tรดn lรชn vแบป quyแบฟn rลฉ vร cรก tรญnh.

๐งฅ Khoรกc Nhung Thแปi Trang: ฤiแปm nhแบฅn hoรn hแบฃo cho phong cรกch ฤแปc ฤรกo.

๐ Quแบงn Nhung Bรญ แบจn: Tแบกo ฤiแปm nhแบฅn cรก tรญnh, lรm nแปi bแบญt vรณc dรกng.

#๐ #ThแปiTrangNแปฏ #SแบฏmTแบฟt #Bแป3Mรณn #QuyแบฟnRลฉCรกTรญnh






"
https://shope.ee/30PCiZlJ8I,mลฉ vรnh karo,"๐ Mลฉ Rแปng Vรnh Kแบป ร ฤแปnh Cao, mลฉ Hร Thi vร Wyn Anh!

๐ Mua ngay ฤแป cheap moment: https://shope.ee/30PCiZlJ8I

๐ Kแบป ร Hiแปn ฤแบกi: ฤiแปm nhแบฅn sรกng tแบกo, lรm nแปi bแบญt phong cรกch cรก nhรขn.

 #ThแปiTrangNแปฏ #MลฉRแปngVรnh #PhongCรกchSaoViแปt #SรกngTแบกoThแปiTrang"
https://shope.ee/1qDFKoK7mC,tinh chรขt phแปฅc hแปi da esteelauder,"๐ Estee Lauder Advanced Night Repair - Bรญ Mแบญt Cho Lรn Da Hoรn Hแบฃo Ban ฤรชm!
๐ Chฤm Sรณc Da Hiแปu Quแบฃ Ngay Hรดm Nay! Xem Ngay tแบกi https://shope.ee/1qDFKoK7mC

๐ Tinh Chแบฅt Phแปฅc Hแปi Da: Lรm dแปu vร tรกi tแบกo lรn da sau mแปi giแบฅc ngแปง.

๐ Phiรชn Bแบฃn Mแปi 2024 - BLINK Cosmet: Vแบป ngoแบกi hรฌnh mแปi quyแบฟn rลฉ, sรกng tแบกo.

#๐ #ChฤmSรณcDaBanฤรชm #BรญMแบญtLรmฤแบนp #EsteeLauder #BLINKCosmet"